task,attack,epsilon,epsilon_label,auc_mean,auc_std,tpr01_mean,tpr01_std,tpr01_sparse_mean,tpr01_sparse_std,n_states
ACSEmployment,joint,0.1,0.1,0.5199256718749999,0.0025881316984413074,0.01425,0.0005400617248673213,0.020833333333333332,0.041666666666666664,4
ACSEmployment,joint,0.5,0.5,0.56402003125,0.004848045887611248,0.02025,0.0025495097567963926,0.10733695652173914,0.09011201721120615,4
ACSEmployment,joint,1.0,1.0,0.618862828125,0.005776024396737477,0.028062499999999997,0.007422867258232046,0.12218379446640316,0.15044345521558533,4
ACSEmployment,joint,2.0,2.0,0.7320567499999999,0.005874744840425407,0.0650625,0.008362552939543444,0.1974206349206349,0.11540389380330056,4
ACSEmployment,joint,5.0,5.0,0.932605484375,0.0036422514161683645,0.432625,0.04645136345325793,0.7289916710969342,0.10295315975720822,4
ACSEmployment,joint,inf,inf,1.0,0.0,1.0,0.0,1.0,0.0,4
ACSEmployment,single,0.1,0.1,0.50377028125,0.005807322910042968,0.012125,0.0021746647251166488,0.03571428571428571,0.07142857142857142,4
ACSEmployment,single,0.5,0.5,0.52472478125,0.008231530512889771,0.013,0.0024494897427831774,0.175,0.17078251276599332,4
ACSEmployment,single,1.0,1.0,0.557441875,0.005493865989958758,0.018312500000000002,0.007422867258232047,0.11994949494949494,0.09639057921208238,4
ACSEmployment,single,2.0,2.0,0.6129596875000001,0.006149105476315555,0.025437500000000002,0.00215421099245176,0.2833333333333333,0.14207457613938249,4
ACSEmployment,single,5.0,5.0,0.766467875,0.003429988782704577,0.1009375,0.015719381614215405,0.6162698412698413,0.048981822616538,4
ACSEmployment,single,inf,inf,1.0,0.0,1.0,0.0,1.0,0.0,4
ACSIncome,joint,0.1,0.1,0.5081070625,0.003623029568995045,0.0105625,0.002494786229987117,0.008981907061744013,0.003640343097030415,4
ACSIncome,joint,0.5,0.5,0.5449680625,0.001326969115636897,0.013062500000000001,0.002679979788481001,0.012358298332044184,0.007317106914953282,4
ACSIncome,joint,1.0,1.0,0.59360775,0.015112174858905794,0.018187500000000002,0.002134781409574917,0.022356315901274487,0.010881335202155012,4
ACSIncome,joint,2.0,2.0,0.683013515625,0.01319176988648434,0.0303125,0.006348802380501904,0.02147057964747956,0.004789776401004785,4
ACSIncome,joint,5.0,5.0,0.871493984375,0.019438347140058865,0.16725,0.0562594436517106,0.2397295467751057,0.09128098740571784,4
ACSIncome,joint,inf,inf,1.0,0.0,1.0,0.0,1.0,0.0,4
ACSIncome,single,0.1,0.1,0.501456109375,0.009157302206375688,0.0108125,0.0008749999999999996,0.02,0.04,4
ACSIncome,single,0.5,0.5,0.532889453125,0.004585653395479938,0.0129375,0.002239559108396114,0.056451612903225805,0.1129032258064516,4
ACSIncome,single,1.0,1.0,0.555035234375,0.003563932307966586,0.0165,0.005813060008865095,0.09953703703703703,0.12222572946707487,4
ACSIncome,single,2.0,2.0,0.608937640625,0.006880531342349923,0.027812500000000004,0.004249387210724232,0.08201357466063348,0.06717526930526739,4
ACSIncome,single,5.0,5.0,0.765030890625,0.00543276951830255,0.0949375,0.021455744180366557,0.21190476190476193,0.23085008370997837,4
ACSIncome,single,inf,inf,1.0,0.0,1.0,0.0,1.0,0.0,4
ACSPublicCoverage,joint,0.1,0.1,0.5130075937499999,0.01190568971095287,0.0118125,0.0024011715890373177,0.009268631490341236,0.0016772009568116646,4
ACSPublicCoverage,joint,0.5,0.5,0.551815421875,0.013727810271676369,0.015125,0.0027801378862687123,0.020191989233707325,0.009078143501908381,4
ACSPublicCoverage,joint,1.0,1.0,0.5979825,0.021893596250946924,0.021875,0.006091318959524832,0.038884496154816886,0.016187398413325796,4
ACSPublicCoverage,joint,2.0,2.0,0.698967015625,0.030575049010691472,0.0506875,0.01589205121017003,0.08423627160457649,0.011122608188393413,4
ACSPublicCoverage,joint,5.0,5.0,0.8828780625,0.04550672749786675,0.2729375,0.09750200318455002,0.37820737565421253,0.04640839730698927,4
ACSPublicCoverage,joint,inf,inf,1.0,0.0,1.0,0.0,1.0,0.0,4
ACSPublicCoverage,single,0.1,0.1,0.49992560937499997,0.0047777573802266545,0.0101875,0.0027032002638847654,,,4
ACSPublicCoverage,single,0.5,0.5,0.5295245,0.004630230636522936,0.0135625,0.0009437293044088432,,,4
ACSPublicCoverage,single,1.0,1.0,0.55679409375,0.0059117357721605885,0.0164375,0.001328768226591832,,,4
ACSPublicCoverage,single,2.0,2.0,0.61305125,0.005352295788812243,0.032687499999999994,0.0050015622559356375,,,4
ACSPublicCoverage,single,5.0,5.0,0.7659186874999999,0.008655919405540282,0.091625,0.01620378042309881,,,4
ACSPublicCoverage,single,inf,inf,1.0,0.0,1.0,0.0,1.0,,4
ACSTravelTime,joint,0.1,0.1,0.5123271875,0.004950500696215391,0.0103125,0.0015728821740147393,0.011075298227743394,0.003914663455806743,4
ACSTravelTime,joint,0.5,0.5,0.5538023281250001,0.006957323695285165,0.014499999999999999,0.004262237284181473,0.015579302075665998,0.005200224828576508,4
ACSTravelTime,joint,1.0,1.0,0.6006945625,0.007111425593645597,0.0238125,0.0018526445062846423,0.027013814165929788,0.005650510887364517,4
ACSTravelTime,joint,2.0,2.0,0.708693390625,0.012900510764716249,0.0399375,0.008377487192867955,0.051107678561070236,0.021671275111848364,4
ACSTravelTime,joint,5.0,5.0,0.909128109375,0.011960949966994896,0.281125,0.05649133414368378,0.38186725385741743,0.0766751880228794,4
ACSTravelTime,joint,inf,inf,1.0,0.0,1.0,0.0,1.0,0.0,4
ACSTravelTime,single,0.1,0.1,0.50551421875,0.0033688226068628573,0.0119375,0.0014197270864500684,0.10944444444444444,0.07705217087815915,4
ACSTravelTime,single,0.5,0.5,0.5328744375,0.0038974218812328756,0.014062499999999999,0.002896657556564117,0.1849206349206349,0.17515784912142401,4
ACSTravelTime,single,1.0,1.0,0.5544040781249999,0.006488016344532011,0.0185625,0.0009655525188547053,0.12675518925518925,0.0774507611986509,4
ACSTravelTime,single,2.0,2.0,0.60960321875,0.008122222191261385,0.0313125,0.0050181960570175686,0.09946236559139784,0.09837975176766793,4
ACSTravelTime,single,5.0,5.0,0.7633832500000001,0.001855682478479913,0.099375,0.011048189896992171,0.2955435463659148,0.09410683540336412,4
ACSTravelTime,single,inf,inf,1.0,0.0,1.0,0.0,1.0,0.0,4
