task,state,attack,epsilon,epsilon_label,sigma,auc,tpr_at_1pct,auc_sparse,tpr_at_1pct_sparse,n_records,single_feature,n_features_joint
ACSIncome,CA,single,0.1,0.1,48.44805262605389,0.500645875,0.01175,0.5327999999999999,0.08,4000,AGEP,10
ACSIncome,CA,joint,0.1,0.1,48.44805262605389,0.5099999375,0.01425,0.5111891643709825,0.013636363636363636,4000,AGEP,10
ACSIncome,CA,single,0.5,0.5,9.689610525210778,0.53843525,0.0135,0.651404786680541,0.22580645161290322,4000,AGEP,10
ACSIncome,CA,joint,0.5,0.5,9.689610525210778,0.5440146875,0.011,0.553666272189349,0.013846153846153847,4000,AGEP,10
ACSIncome,CA,single,1.0,1.0,4.844805262605389,0.5530160000000001,0.01025,0.44421487603305787,0.0,4000,AGEP,10
ACSIncome,CA,joint,1.0,1.0,4.844805262605389,0.6106022499999999,0.02025,0.5998973138229597,0.03542673107890499,4000,AGEP,10
ACSIncome,CA,single,2.0,2.0,2.4224026313026945,0.611546125,0.028,0.5882352941176471,0.058823529411764705,4000,AGEP,10
ACSIncome,CA,joint,2.0,2.0,2.4224026313026945,0.6864049375,0.029,0.6828677004570892,0.0196078431372549,4000,AGEP,10
ACSIncome,CA,single,5.0,5.0,0.9689610525210778,0.7690833125,0.10775,0.8072562358276645,0.047619047619047616,4000,AGEP,10
ACSIncome,CA,joint,5.0,5.0,0.9689610525210778,0.8815455624999999,0.16325,0.9063521518641302,0.2724505327245053,4000,AGEP,10
ACSIncome,CA,single,inf,inf,0.0,1.0,1.0,1.0,1.0,4000,AGEP,10
ACSIncome,CA,joint,inf,inf,0.0,1.0,1.0,1.0,1.0,4000,AGEP,10
ACSIncome,TX,single,0.1,0.1,48.44805262605389,0.509809,0.00975,0.39201183431952663,0.0,4000,AGEP,10
ACSIncome,TX,joint,0.1,0.1,48.44805262605389,0.512279,0.0095,0.5242436189227692,0.006220839813374806,4000,AGEP,10
ACSIncome,TX,single,0.5,0.5,9.689610525210778,0.5275459375,0.015,0.3402646502835539,0.0,4000,AGEP,10
ACSIncome,TX,joint,0.5,0.5,9.689610525210778,0.544698375,0.012,0.5540854544875808,0.0016286644951140066,4000,AGEP,10
ACSIncome,TX,single,1.0,1.0,4.844805262605389,0.5597755,0.0165,0.6721536351165981,0.14814814814814814,4000,AGEP,10
ACSIncome,TX,joint,1.0,1.0,4.844805262605389,0.5985783124999999,0.0175,0.6079291427060612,0.014634146341463415,4000,AGEP,10
ACSIncome,TX,single,2.0,2.0,2.4224026313026945,0.5989339375,0.025,0.5207100591715976,0.11538461538461539,4000,AGEP,10
ACSIncome,TX,joint,2.0,2.0,2.4224026313026945,0.6746544375,0.025,0.7026912630094644,0.015552099533437015,4000,AGEP,10
ACSIncome,TX,single,5.0,5.0,0.9689610525210778,0.769691875,0.1185,0.5833333333333334,0.16666666666666666,4000,AGEP,10
ACSIncome,TX,joint,5.0,5.0,0.9689610525210778,0.8579163750000001,0.1595,0.8879284879806477,0.3099510603588907,4000,AGEP,10
ACSIncome,TX,single,inf,inf,0.0,1.0,1.0,1.0,1.0,4000,AGEP,10
ACSIncome,TX,joint,inf,inf,0.0,1.0,1.0,1.0,1.0,4000,AGEP,10
ACSIncome,NY,single,0.1,0.1,48.44805262605389,0.5064225,0.0105,0.5082644628099173,0.0,4000,AGEP,10
ACSIncome,NY,joint,0.1,0.1,48.44805262605389,0.5050775000000001,0.00975,0.5035275829081632,0.005952380952380952,4000,AGEP,10
ACSIncome,NY,single,0.5,0.5,9.689610525210778,0.5314180625,0.00975,0.6111111111111112,0.0,4000,AGEP,10
ACSIncome,NY,joint,0.5,0.5,9.689610525210778,0.5469124375000001,0.01225,0.525242369196601,0.016442451420029897,4000,AGEP,10
ACSIncome,NY,single,1.0,1.0,4.844805262605389,0.5556565625000001,0.02425,0.6180555555555556,0.25,4000,AGEP,10
ACSIncome,NY,joint,1.0,1.0,4.844805262605389,0.574551125,0.0195,0.5655673308959239,0.01225114854517611,4000,AGEP,10
ACSIncome,NY,single,2.0,2.0,2.4224026313026945,0.610660125,0.03375,0.6882716049382716,0.0,4000,AGEP,10
ACSIncome,NY,joint,2.0,2.0,2.4224026313026945,0.6708625625000001,0.02775,0.6824707590473357,0.025525525525525526,4000,AGEP,10
ACSIncome,NY,single,5.0,5.0,0.9689610525210778,0.7631678125,0.0765,0.8625,0.55,4000,AGEP,10
ACSIncome,NY,joint,5.0,5.0,0.9689610525210778,0.852739375,0.10475,0.852563383179493,0.10550458715596331,4000,AGEP,10
ACSIncome,NY,single,inf,inf,0.0,1.0,1.0,1.0,1.0,4000,AGEP,10
ACSIncome,NY,joint,inf,inf,0.0,1.0,1.0,1.0,1.0,4000,AGEP,10
ACSIncome,FL,single,0.1,0.1,48.44805262605389,0.4889470625,0.01125,0.6488888888888888,0.0,4000,AGEP,10
ACSIncome,FL,joint,0.1,0.1,48.44805262605389,0.5050718125,0.00875,0.4968363339580093,0.01011804384485666,4000,AGEP,10
ACSIncome,FL,single,0.5,0.5,9.689610525210778,0.5341585625,0.0135,0.5466666666666666,0.0,4000,AGEP,10
ACSIncome,FL,joint,0.5,0.5,9.689610525210778,0.54424675,0.017,0.5485110957848189,0.01751592356687898,4000,AGEP,10
ACSIncome,FL,single,1.0,1.0,4.844805262605389,0.5516928750000001,0.015,0.5052083333333334,0.0,4000,AGEP,10
ACSIncome,FL,joint,1.0,1.0,4.844805262605389,0.5906993125,0.0155,0.6151492258266371,0.02711323763955343,4000,AGEP,10
ACSIncome,FL,single,2.0,2.0,2.4224026313026945,0.6146103749999999,0.0245,0.7633136094674557,0.15384615384615385,4000,AGEP,10
ACSIncome,FL,joint,2.0,2.0,2.4224026313026945,0.700132125,0.0395,0.7243276086552173,0.025196850393700787,4000,AGEP,10
ACSIncome,FL,single,5.0,5.0,0.9689610525210778,0.7581805625,0.077,0.704861111111111,0.08333333333333333,4000,AGEP,10
ACSIncome,FL,joint,5.0,5.0,0.9689610525210778,0.893774625,0.2415,0.9171582487223771,0.27101200686106347,4000,AGEP,10
ACSIncome,FL,single,inf,inf,0.0,1.0,1.0,1.0,1.0,4000,AGEP,10
ACSIncome,FL,joint,inf,inf,0.0,1.0,1.0,1.0,1.0,4000,AGEP,10
ACSEmployment,CA,single,0.1,0.1,48.44805262605389,0.506698375,0.009,0.5102040816326531,0.14285714285714285,4000,AGEP,16
ACSEmployment,CA,joint,0.1,0.1,48.44805262605389,0.5224069375,0.01475,0.41274238227146814,0.0,4000,AGEP,16
ACSEmployment,CA,single,0.5,0.5,9.689610525210778,0.5205051249999999,0.01,0.36,0.1,4000,AGEP,16
ACSEmployment,CA,joint,0.5,0.5,9.689610525210778,0.558461375,0.02025,0.610586011342155,0.21739130434782608,4000,AGEP,16
ACSEmployment,CA,single,1.0,1.0,4.844805262605389,0.5496760624999999,0.02925,0.6115702479338843,0.09090909090909091,4000,AGEP,16
ACSEmployment,CA,joint,1.0,1.0,4.844805262605389,0.622574625,0.02775,0.6012396694214877,0.045454545454545456,4000,AGEP,16
ACSEmployment,CA,single,2.0,2.0,2.4224026313026945,0.620653125,0.024,0.5277777777777778,0.3333333333333333,4000,AGEP,16
ACSEmployment,CA,joint,2.0,2.0,2.4224026313026945,0.7403854375000001,0.0625,0.8271604938271605,0.2777777777777778,4000,AGEP,16
ACSEmployment,CA,single,5.0,5.0,0.9689610525210778,0.76843375,0.1125,0.9030612244897959,0.6428571428571429,4000,AGEP,16
ACSEmployment,CA,joint,5.0,5.0,0.9689610525210778,0.9371905624999999,0.45375,0.9374999999999999,0.6,4000,AGEP,16
ACSEmployment,CA,single,inf,inf,0.0,1.0,1.0,1.0,1.0,4000,AGEP,16
ACSEmployment,CA,joint,inf,inf,0.0,1.0,1.0,1.0,1.0,4000,AGEP,16
ACSEmployment,TX,single,0.1,0.1,48.44805262605389,0.5097051874999999,0.0125,0.39,0.0,4000,AGEP,16
ACSEmployment,TX,joint,0.1,0.1,48.44805262605389,0.5213018125,0.01425,0.5590277777777778,0.08333333333333333,4000,AGEP,16
ACSEmployment,TX,single,0.5,0.5,9.689610525210778,0.5158803125,0.013,0.56,0.4,4000,AGEP,16
ACSEmployment,TX,joint,0.5,0.5,9.689610525210778,0.5634354375,0.01925,0.609375,0.125,4000,AGEP,16
ACSEmployment,TX,single,1.0,1.0,4.844805262605389,0.5607933125,0.01275,0.5371900826446281,0.0,4000,AGEP,16
ACSEmployment,TX,joint,1.0,1.0,4.844805262605389,0.6124186249999999,0.031,0.8347107438016529,0.045454545454545456,4000,AGEP,16
ACSEmployment,TX,single,2.0,2.0,2.4224026313026945,0.60961975,0.02675,0.63,0.3,4000,AGEP,16
ACSEmployment,TX,joint,2.0,2.0,2.4224026313026945,0.7295206249999999,0.0555,0.7423469387755103,0.17857142857142858,4000,AGEP,16
ACSEmployment,TX,single,5.0,5.0,0.9689610525210778,0.7643019375,0.09125,0.7100000000000001,0.6,4000,AGEP,16
ACSEmployment,TX,joint,5.0,5.0,0.9689610525210778,0.9295818124999999,0.36325,0.9669421487603306,0.7272727272727273,4000,AGEP,16
ACSEmployment,TX,single,inf,inf,0.0,1.0,1.0,1.0,1.0,4000,AGEP,16
ACSEmployment,TX,joint,inf,inf,0.0,1.0,1.0,1.0,1.0,4000,AGEP,16
ACSEmployment,NY,single,0.1,0.1,48.44805262605389,0.49633031250000004,0.014,0.53125,0.0,4000,AGEP,16
ACSEmployment,NY,joint,0.1,0.1,48.44805262605389,0.5164795624999999,0.0135,0.47041420118343197,0.0,4000,AGEP,16
ACSEmployment,NY,single,0.5,0.5,9.689610525210778,0.527947125,0.013,0.7755102040816326,0.0,4000,AGEP,16
ACSEmployment,NY,joint,0.5,0.5,9.689610525210778,0.563897875,0.01775,0.6540642722117203,0.08695652173913043,4000,AGEP,16
ACSEmployment,NY,single,1.0,1.0,4.844805262605389,0.5618013125,0.016,0.4938271604938272,0.2222222222222222,4000,AGEP,16
ACSEmployment,NY,joint,1.0,1.0,4.844805262605389,0.615698625,0.018,0.8034026465028355,0.34782608695652173,4000,AGEP,16
ACSEmployment,NY,single,2.0,2.0,2.4224026313026945,0.6066833125000001,0.02325,0.7361111111111112,0.4166666666666667,4000,AGEP,16
ACSEmployment,NY,joint,2.0,2.0,2.4224026313026945,0.7268193125,0.06675,0.8142361111111113,0.2916666666666667,4000,AGEP,16
ACSEmployment,NY,single,5.0,5.0,0.9689610525210778,0.7702229375,0.116,0.8395061728395061,0.6666666666666666,4000,AGEP,16
ACSEmployment,NY,joint,5.0,5.0,0.9689610525210778,0.9338758125000001,0.46175,0.9778393351800554,0.7368421052631579,4000,AGEP,16
ACSEmployment,NY,single,inf,inf,0.0,1.0,1.0,1.0,1.0,4000,AGEP,16
ACSEmployment,NY,joint,inf,inf,0.0,1.0,1.0,1.0,1.0,4000,AGEP,16
ACSEmployment,FL,single,0.1,0.1,48.44805262605389,0.50234725,0.013,0.5900000000000001,0.0,4000,AGEP,16
ACSEmployment,FL,joint,0.1,0.1,48.44805262605389,0.519514375,0.0145,0.4845679012345679,0.0,4000,AGEP,16
ACSEmployment,FL,single,0.5,0.5,9.689610525210778,0.5345665625,0.016,0.7200000000000001,0.2,4000,AGEP,16
ACSEmployment,FL,joint,0.5,0.5,9.689610525210778,0.5702854374999999,0.02375,0.6942148760330579,0.0,4000,AGEP,16
ACSEmployment,FL,single,1.0,1.0,4.844805262605389,0.5574968125,0.01525,0.6111111111111112,0.16666666666666666,4000,AGEP,16
ACSEmployment,FL,joint,1.0,1.0,4.844805262605389,0.6247594375000001,0.0355,0.6100000000000001,0.05,4000,AGEP,16
ACSEmployment,FL,single,2.0,2.0,2.4224026313026945,0.6148825625,0.02775,0.548611111111111,0.08333333333333333,4000,AGEP,16
ACSEmployment,FL,joint,2.0,2.0,2.4224026313026945,0.7315016249999999,0.0755,0.7100694444444444,0.041666666666666664,4000,AGEP,16
ACSEmployment,FL,single,5.0,5.0,0.9689610525210778,0.762912875,0.084,0.7901234567901234,0.5555555555555556,4000,AGEP,16
ACSEmployment,FL,joint,5.0,5.0,0.9689610525210778,0.9297737500000001,0.45175,0.9684499314128944,0.8518518518518519,4000,AGEP,16
ACSEmployment,FL,single,inf,inf,0.0,1.0,1.0,1.0,1.0,4000,AGEP,16
ACSEmployment,FL,joint,inf,inf,0.0,1.0,1.0,1.0,1.0,4000,AGEP,16
ACSPublicCoverage,CA,single,0.1,0.1,48.44805262605389,0.50487925,0.0095,,,4000,AGEP,19
ACSPublicCoverage,CA,joint,0.1,0.1,48.44805262605389,0.5093039374999999,0.0095,0.4925313558017852,0.008771929824561403,4000,AGEP,19
ACSPublicCoverage,CA,single,0.5,0.5,9.689610525210778,0.52907725,0.01375,,,4000,AGEP,19
ACSPublicCoverage,CA,joint,0.5,0.5,9.689610525210778,0.558029625,0.017,0.5541402558023257,0.008032128514056224,4000,AGEP,19
ACSPublicCoverage,CA,single,1.0,1.0,4.844805262605389,0.5525823125,0.0145,,,4000,AGEP,19
ACSPublicCoverage,CA,joint,1.0,1.0,4.844805262605389,0.6152433749999999,0.0245,0.6482071503467485,0.04426559356136821,4000,AGEP,19
ACSPublicCoverage,CA,single,2.0,2.0,2.4224026313026945,0.6164103750000001,0.0305,,,4000,AGEP,19
ACSPublicCoverage,CA,joint,2.0,2.0,2.4224026313026945,0.72347175,0.06575,0.7454799687825182,0.08266129032258064,4000,AGEP,19
ACSPublicCoverage,CA,single,5.0,5.0,0.9689610525210778,0.7699859999999998,0.07275,,,4000,AGEP,19
ACSPublicCoverage,CA,joint,5.0,5.0,0.9689610525210778,0.9169103749999999,0.35275,0.9440018107741059,0.44468085106382976,4000,AGEP,19
ACSPublicCoverage,CA,single,inf,inf,0.0,1.0,1.0,,,4000,AGEP,19
ACSPublicCoverage,CA,joint,inf,inf,0.0,1.0,1.0,1.0,1.0,4000,AGEP,19
ACSPublicCoverage,TX,single,0.1,0.1,48.44805262605389,0.500756875,0.013,,,4000,AGEP,19
ACSPublicCoverage,TX,joint,0.1,0.1,48.44805262605389,0.5248031875,0.01275,0.5303849318742868,0.008528784648187633,4000,AGEP,19
ACSPublicCoverage,TX,single,0.5,0.5,9.689610525210778,0.5244263124999999,0.01325,,,4000,AGEP,19
ACSPublicCoverage,TX,joint,0.5,0.5,9.689610525210778,0.5421075625,0.013,0.5582041182375452,0.029345372460496615,4000,AGEP,19
ACSPublicCoverage,TX,single,1.0,1.0,4.844805262605389,0.5527169375000001,0.0175,,,4000,AGEP,19
ACSPublicCoverage,TX,joint,1.0,1.0,4.844805262605389,0.5712393125,0.01525,0.609072996809908,0.0593607305936073,4000,AGEP,19
ACSPublicCoverage,TX,single,2.0,2.0,2.4224026313026945,0.6115638750000001,0.03575,,,4000,AGEP,19
ACSPublicCoverage,TX,joint,2.0,2.0,2.4224026313026945,0.66175575,0.0355,0.7184784368135044,0.08172043010752689,4000,AGEP,19
ACSPublicCoverage,TX,single,5.0,5.0,0.9689610525210778,0.7665213750000001,0.09225,,,4000,AGEP,19
ACSPublicCoverage,TX,joint,5.0,5.0,0.9689610525210778,0.8342064375,0.1705,0.8956997639442851,0.3522975929978118,4000,AGEP,19
ACSPublicCoverage,TX,single,inf,inf,0.0,1.0,1.0,1.0,1.0,4000,AGEP,19
ACSPublicCoverage,TX,joint,inf,inf,0.0,1.0,1.0,1.0,1.0,4000,AGEP,19
ACSPublicCoverage,NY,single,0.1,0.1,48.44805262605389,0.49339181249999997,0.0115,,,4000,AGEP,19
ACSPublicCoverage,NY,joint,0.1,0.1,48.44805262605389,0.5199079375,0.01475,0.5121074138043282,0.011741682974559686,4000,AGEP,19
ACSPublicCoverage,NY,single,0.5,0.5,9.689610525210778,0.5289245625000001,0.0125,,,4000,AGEP,19
ACSPublicCoverage,NY,joint,0.5,0.5,9.689610525210778,0.5681635625,0.018,0.5899083015013713,0.019342359767891684,4000,AGEP,19
ACSPublicCoverage,NY,single,1.0,1.0,4.844805262605389,0.55668825,0.01675,,,4000,AGEP,19
ACSPublicCoverage,NY,joint,1.0,1.0,4.844805262605389,0.6165058125,0.029,0.6222989841597797,0.02462121212121212,4000,AGEP,19
ACSPublicCoverage,NY,single,2.0,2.0,2.4224026313026945,0.6061700625,0.02675,,,4000,AGEP,19
ACSPublicCoverage,NY,joint,2.0,2.0,2.4224026313026945,0.724537625,0.063,0.7172056689580586,0.07297830374753451,4000,AGEP,19
ACSPublicCoverage,NY,single,5.0,5.0,0.9689610525210778,0.7735075,0.11225,,,4000,AGEP,19
ACSPublicCoverage,NY,joint,5.0,5.0,0.9689610525210778,0.9261025,0.35975,0.9382631373943674,0.37448559670781895,4000,AGEP,19
ACSPublicCoverage,NY,single,inf,inf,0.0,1.0,1.0,,,4000,AGEP,19
ACSPublicCoverage,NY,joint,inf,inf,0.0,1.0,1.0,1.0,1.0,4000,AGEP,19
ACSPublicCoverage,FL,single,0.1,0.1,48.44805262605389,0.5006745,0.00675,,,4000,AGEP,19
ACSPublicCoverage,FL,joint,0.1,0.1,48.44805262605389,0.49801531250000003,0.01025,0.501282237383268,0.008032128514056224,4000,AGEP,19
ACSPublicCoverage,FL,single,0.5,0.5,9.689610525210778,0.535669875,0.01475,,,4000,AGEP,19
ACSPublicCoverage,FL,joint,0.5,0.5,9.689610525210778,0.5389609375,0.0125,0.538423540467709,0.02404809619238477,4000,AGEP,19
ACSPublicCoverage,FL,single,1.0,1.0,4.844805262605389,0.5651888749999999,0.017,,,4000,AGEP,19
ACSPublicCoverage,FL,joint,1.0,1.0,4.844805262605389,0.5889415,0.01875,0.6348468094646407,0.02729044834307992,4000,AGEP,19
ACSPublicCoverage,FL,single,2.0,2.0,2.4224026313026945,0.6180606875,0.03775,,,4000,AGEP,19
ACSPublicCoverage,FL,joint,2.0,2.0,2.4224026313026945,0.6861029375,0.0385,0.7497460443174188,0.0995850622406639,4000,AGEP,19
ACSPublicCoverage,FL,single,5.0,5.0,0.9689610525210778,0.7536598749999999,0.08925,,,4000,AGEP,19
ACSPublicCoverage,FL,joint,5.0,5.0,0.9689610525210778,0.8542929375,0.20875,0.9180255157174885,0.3413654618473896,4000,AGEP,19
ACSPublicCoverage,FL,single,inf,inf,0.0,1.0,1.0,,,4000,AGEP,19
ACSPublicCoverage,FL,joint,inf,inf,0.0,1.0,1.0,1.0,1.0,4000,AGEP,19
ACSTravelTime,CA,single,0.1,0.1,48.44805262605389,0.5056830625,0.0135,0.6296296296296295,0.1111111111111111,4000,AGEP,16
ACSTravelTime,CA,joint,0.1,0.1,48.44805262605389,0.5100850625,0.01,0.5120726654825289,0.011874469889737066,4000,AGEP,16
ACSTravelTime,CA,single,0.5,0.5,9.689610525210778,0.52754325,0.01275,0.4965986394557823,0.09523809523809523,4000,AGEP,16
ACSTravelTime,CA,joint,0.5,0.5,9.689610525210778,0.5445425625,0.0085,0.5569027160493827,0.019555555555555555,4000,AGEP,16
ACSTravelTime,CA,single,1.0,1.0,4.844805262605389,0.5541203749999999,0.018,0.5709876543209877,0.2222222222222222,4000,AGEP,16
ACSTravelTime,CA,joint,1.0,1.0,4.844805262605389,0.593650875,0.02425,0.6056971156221488,0.024500907441016333,4000,AGEP,16
ACSTravelTime,CA,single,2.0,2.0,2.4224026313026945,0.6202121875000001,0.03325,0.54,0.1,4000,AGEP,16
ACSTravelTime,CA,joint,2.0,2.0,2.4224026313026945,0.69383975,0.0335,0.7168111160705621,0.04052863436123348,4000,AGEP,16
ACSTravelTime,CA,single,5.0,5.0,0.9689610525210778,0.7660280625,0.0845,0.8299319727891157,0.23809523809523808,4000,AGEP,16
ACSTravelTime,CA,joint,5.0,5.0,0.9689610525210778,0.9083605,0.258,0.9303438656146358,0.3555363321799308,4000,AGEP,16
ACSTravelTime,CA,single,inf,inf,0.0,1.0,1.0,1.0,1.0,4000,AGEP,16
ACSTravelTime,CA,joint,inf,inf,0.0,1.0,1.0,1.0,1.0,4000,AGEP,16
ACSTravelTime,TX,single,0.1,0.1,48.44805262605389,0.501907125,0.01275,0.6608,0.16,4000,AGEP,16
ACSTravelTime,TX,joint,0.1,0.1,48.44805262605389,0.5177509375,0.0125,0.5021680168924809,0.007887817703768623,4000,AGEP,16
ACSTravelTime,TX,single,0.5,0.5,9.689610525210778,0.5337385625,0.01475,0.6444444444444445,0.13333333333333333,4000,AGEP,16
ACSTravelTime,TX,joint,0.5,0.5,9.689610525210778,0.5600009375,0.016,0.5505141039206951,0.012126865671641791,4000,AGEP,16
ACSTravelTime,TX,single,1.0,1.0,4.844805262605389,0.5478586249999999,0.0195,0.5328798185941043,0.047619047619047616,4000,AGEP,16
ACSTravelTime,TX,joint,1.0,1.0,4.844805262605389,0.6000248749999999,0.02225,0.6112896367926145,0.03464870067372473,4000,AGEP,16
ACSTravelTime,TX,single,2.0,2.0,2.4224026313026945,0.605762,0.0375,0.5952133194588969,0.06451612903225806,4000,AGEP,16
ACSTravelTime,TX,joint,2.0,2.0,2.4224026313026945,0.725328,0.05175,0.7476858488967666,0.046028880866425995,4000,AGEP,16
ACSTravelTime,TX,single,5.0,5.0,0.9689610525210778,0.7618576875,0.1085,0.817174515235457,0.42105263157894735,4000,AGEP,16
ACSTravelTime,TX,joint,5.0,5.0,0.9689610525210778,0.9110105625,0.33275,0.9339181793656302,0.45698924731182794,4000,AGEP,16
ACSTravelTime,TX,single,inf,inf,0.0,1.0,1.0,1.0,1.0,4000,AGEP,16
ACSTravelTime,TX,joint,inf,inf,0.0,1.0,1.0,1.0,1.0,4000,AGEP,16
ACSTravelTime,NY,single,0.1,0.1,48.44805262605389,0.5044859375,0.0105,0.44387755102040816,0.0,4000,AGEP,16
ACSTravelTime,NY,joint,0.1,0.1,48.44805262605389,0.5148604999999999,0.00875,0.5175348580086403,0.016289592760180997,4000,AGEP,16
ACSTravelTime,NY,single,0.5,0.5,9.689610525210778,0.53331575,0.011,0.7808641975308642,0.4444444444444444,4000,AGEP,16
ACSTravelTime,NY,joint,0.5,0.5,9.689610525210778,0.5524726875000001,0.0185,0.5667465549977285,0.020477815699658702,4000,AGEP,16
ACSTravelTime,NY,single,1.0,1.0,4.844805262605389,0.56329775,0.0175,0.7777777777777779,0.08333333333333333,4000,AGEP,16
ACSTravelTime,NY,joint,1.0,1.0,4.844805262605389,0.598555125,0.0225,0.6188989684154205,0.02745792736935341,4000,AGEP,16
ACSTravelTime,NY,single,2.0,2.0,2.4224026313026945,0.6013354375000001,0.02675,0.6790123456790124,0.0,4000,AGEP,16
ACSTravelTime,NY,joint,2.0,2.0,2.4224026313026945,0.7073889375,0.0345,0.7434882666499623,0.08290155440414508,4000,AGEP,16
ACSTravelTime,NY,single,5.0,5.0,0.9689610525210778,0.7623866250000001,0.0975,0.7590027700831026,0.21052631578947367,4000,AGEP,16
ACSTravelTime,NY,joint,5.0,5.0,0.9689610525210778,0.8940029375,0.21225,0.924809817906793,0.2863720073664825,4000,AGEP,16
ACSTravelTime,NY,single,inf,inf,0.0,1.0,1.0,1.0,1.0,4000,AGEP,16
ACSTravelTime,NY,joint,inf,inf,0.0,1.0,1.0,1.0,1.0,4000,AGEP,16
ACSTravelTime,FL,single,0.1,0.1,48.44805262605389,0.50998075,0.011,0.6475694444444444,0.16666666666666666,4000,AGEP,16
ACSTravelTime,FL,joint,0.1,0.1,48.44805262605389,0.50661225,0.01,0.48335561098597724,0.008249312557286892,4000,AGEP,16
ACSTravelTime,FL,single,0.5,0.5,9.689610525210778,0.5369001875,0.01775,0.6222222222222222,0.06666666666666667,4000,AGEP,16
ACSTravelTime,FL,joint,0.5,0.5,9.689610525210778,0.5581931250000001,0.015,0.5495234416897081,0.010156971375807941,4000,AGEP,16
ACSTravelTime,FL,single,1.0,1.0,4.844805262605389,0.5523395625,0.01925,0.5384615384615385,0.15384615384615385,4000,AGEP,16
ACSTravelTime,FL,joint,1.0,1.0,4.844805262605389,0.6105473749999999,0.02625,0.619108884560372,0.021447721179624665,4000,AGEP,16
ACSTravelTime,FL,single,2.0,2.0,2.4224026313026945,0.61110325,0.02775,0.5855555555555556,0.23333333333333334,4000,AGEP,16
ACSTravelTime,FL,joint,2.0,2.0,2.4224026313026945,0.7082168750000001,0.04,0.7194880307031493,0.03497164461247637,4000,AGEP,16
ACSTravelTime,FL,single,5.0,5.0,0.9689610525210778,0.763260625,0.107,0.8359375,0.3125,4000,AGEP,16
ACSTravelTime,FL,joint,5.0,5.0,0.9689610525210778,0.9231384375,0.3215,0.9427727891156462,0.42857142857142855,4000,AGEP,16
ACSTravelTime,FL,single,inf,inf,0.0,1.0,1.0,1.0,1.0,4000,AGEP,16
ACSTravelTime,FL,joint,inf,inf,0.0,1.0,1.0,1.0,1.0,4000,AGEP,16
